0,16402.0,1260.0,80.0,26.0,98.0,1.0,12.0,69193.0,79200.0,99.0,26406.0,26863.0,68.0
1,19880.0,1800.0,54.0,10.0,43.0,43.0,12.0,52582.0,72662.0,73.0,8858.0,21334.0,26.0
2,24595.0,300.0,67.0,23.0,83.0,17.0,14.0,61290.0,75213.0,93.0,12926.0,20893.0,43.0
3,18786.0,1500.0,71.0,20.0,82.0,14.0,11.0,44966.0,52677.0,89.0,7949.0,25938.0,48.0
4,30800.0,1000.0,90.0,27.0,97.0,3.0,12.0,80606.0,102816.0,92.0,15760.0,30594.0,76.0
5,37078.0,1500.0,72.0,25.0,98.0,2.0,13.0,60110.0,68814.0,99.0,29929.0,19779.0,59.0
6,9548.0,1100.0,68.0,18.0,79.0,13.0,15.0,46197.0,56735.0,86.0,5384.0,13918.0,29.0
7,34392.0,1400.0,81.0,22.0,90.0,8.0,17.0,84175.0,111091.0,88.0,16509.0,33258.0,65.0
8,25476.0,1200.0,59.0,20.0,84.0,14.0,14.0,41451.0,61544.0,88.0,12907.0,21378.0,45.0
9,14700.0,1350.0,54.0,17.0,65.0,26.0,11.0,49030.0,57303.0,81.0,9147.0,16517.0,40.0
10,26200.0,1100.0,83.0,27.0,93.0,2.0,12.0,57765.0,65490.0,98.0,19432.0,18679.0,64.0
11,24230.0,1000.0,75.0,31.0,94.0,2.0,15.0,60663.0,71596.0,98.0,20018.0,17208.0,50.0
12,11804.0,1000.0,69.0,29.0,82.0,11.0,16.0,54413.0,60617.0,93.0,10902.0,13694.0,41.0
13,38300.0,1854.0,81.0,18.0,85.0,14.0,11.0,83355.0,95709.0,90.0,21117.0,29152.0,63.0
14,40488.0,1854.0,86.0,21.0,91.0,6.0,14.0,84078.0,99796.0,99.0,20563.0,32729.0,73.0
15,31668.0,1854.0,76.0,20.0,75.0,23.0,14.0,87303.0,99134.0,91.0,15354.0,24170.0,55.0
16,48648.0,1500.0,81.0,18.0,87.0,11.0,11.0,86551.0,101273.0,74.0,21837.0,40665.0,60.0
17,50487.0,1323.0,98.0,24.0,97.0,1.0,3.0,179530.0,207794.0,59.0,39500.0,26361.0,92.0
18,42210.0,1854.0,83.0,22.0,86.0,11.0,16.0,89274.0,113283.0,93.0,24013.0,29387.0,76.0
19,52340.0,1560.0,90.0,23.0,93.0,2.0,13.0,107032.0,143164.0,77.0,24669.0,41463.0,79.0
20,12888.0,1850.0,53.0,16.0,36.0,62.0,12.0,78937.0,99300.0,57.0,6206.0,22613.0,100.0
21,34700.0,1800.0,78.0,18.0,84.0,14.0,16.0,64987.0,76385.0,80.0,18318.0,28588.0,63.0
22,21712.0,1854.0,51.0,15.0,70.0,28.0,8.0,60735.0,74239.0,80.0,6858.0,30212.0,44.0
23,54160.0,1200.0,96.0,24.0,97.0,1.0,8.0,131650.0,170717.0,45.0,41960.0,26512.0,93.0
24,45350.0,1854.0,82.0,21.0,85.0,12.0,9.0,77669.0,94554.0,93.0,23114.0,35801.0,72.0
25,14904.0,1854.0,75.0,19.0,78.0,19.0,14.0,57018.0,75770.0,77.0,8661.0,19223.0,36.0
26,24950.0,1792.0,86.0,18.0,77.0,22.0,10.0,74322.0,83386.0,85.0,16322.0,27207.0,60.0
27,47470.0,1854.0,90.0,23.0,96.0,3.0,10.0,104853.0,133912.0,77.0,21338.0,43779.0,84.0
28,28765.0,1514.0,75.0,20.0,82.0,15.0,11.0,92773.0,108010.0,98.0,33579.0,24900.0,72.0
29,34910.0,1900.0,62.0,21.0,68.0,28.0,11.0,82062.0,92160.0,78.0,21559.0,26913.0,51.0
30,54090.0,1230.0,90.0,29.0,98.0,0.0,9.0,101635.0,134136.0,70.0,35931.0,37173.0,85.0
31,43680.0,1400.0,77.0,25.0,85.0,12.0,8.0,70840.0,79125.0,81.0,19476.0,44855.0,60.0
32,29415.0,1854.0,82.0,15.0,83.0,14.0,12.0,56568.0,61624.0,95.0,18404.0,23005.0,50.0
33,53680.0,1500.0,91.0,22.0,93.0,6.0,14.0,111487.0,143853.0,79.0,30372.0,40941.0,83.0
34,35100.0,1854.0,85.0,21.0,83.0,15.0,14.0,91705.0,103885.0,83.0,16959.0,31933.0,77.0
35,52412.0,1000.0,97.0,26.0,96.0,1.0,7.0,121058.0,159303.0,61.0,49900.0,16988.0,94.0
36,49154.0,1850.0,85.0,24.0,81.0,18.0,12.0,92308.0,108598.0,83.0,28965.0,29226.0,74.0
37,48750.0,1848.0,90.0,22.0,93.0,5.0,14.0,109511.0,136103.0,70.0,26477.0,35931.0,80.0
38,45664.0,1854.0,59.0,19.0,80.0,18.0,9.0,62351.0,71994.0,91.0,21558.0,47947.0,41.0
39,47550.0,1600.0,83.0,23.0,90.0,7.0,13.0,111722.0,140542.0,72.0,25861.0,34475.0,75.0
40,51081.0,1854.0,95.0,25.0,98.0,1.0,10.0,114372.0,161581.0,69.0,26392.0,41545.0,91.0
41,54806.0,800.0,92.0,24.0,97.0,0.0,10.0,103301.0,143138.0,60.0,31329.0,39070.0,88.0
42,29750.0,1648.0,64.0,12.0,69.0,30.0,11.0,58166.0,67639.0,89.0,13481.0,28482.0,60.0
43,47130.0,1278.0,85.0,22.0,91.0,7.0,11.0,97316.0,117701.0,92.0,28329.0,35332.0,76.0
44,55320.0,1200.0,97.0,17.0,95.0,3.0,9.0,133820.0,184286.0,61.0,37647.0,36161.0,92.0
45,44130.0,1600.0,82.0,27.0,96.0,1.0,11.0,70348.0,78855.0,95.0,25896.0,31945.0,75.0
46,47496.0,800.0,76.0,29.0,93.0,3.0,11.0,73803.0,95657.0,93.0,30002.0,26074.0,66.0
47,38370.0,1800.0,77.0,17.0,74.0,26.0,9.0,67872.0,82791.0,76.0,19204.0,29349.0,52.0
48,49392.0,1200.0,88.0,25.0,96.0,3.0,12.0,98253.0,137451.0,83.0,29667.0,34337.0,77.0
49,31620.0,1256.0,73.0,7.0,61.0,39.0,9.0,55964.0,68216.0,73.0,21448.0,25220.0,42.0
50,36460.0,1800.0,79.0,13.0,58.0,42.0,14.0,65676.0,78312.0,58.0,17434.0,26273.0,68.0
51,31570.0,700.0,68.0,15.0,45.0,55.0,13.0,65702.0,70076.0,78.0,15107.0,24652.0,66.0
52,30750.0,1500.0,67.0,15.0,58.0,27.0,16.0,77938.0,101104.0,80.0,22439.0,23326.0,42.0
53,54500.0,1000.0,91.0,28.0,98.0,1.0,9.0,89541.0,114184.0,62.0,36157.0,38890.0,81.0
54,47650.0,1150.0,90.0,26.0,95.0,3.0,12.0,102275.0,130238.0,83.0,23221.0,39791.0,81.0
55,37802.0,1020.0,76.0,24.0,86.0,7.0,9.0,70436.0,89452.0,87.0,22316.0,29819.0,60.0
56,7680.0,500.0,80.0,4.0,31.0,61.0,5.0,32064.0,40065.0,28.0,4015.0,17415.0,50.0
57,31200.0,1200.0,60.0,22.0,92.0,7.0,15.0,62790.0,76068.0,87.0,18095.0,28002.0,43.0
58,37870.0,1000.0,76.0,26.0,90.0,7.0,16.0,95074.0,136434.0,89.0,19978.0,33214.0,64.0
59,17100.0,2700.0,80.0,19.0,65.0,29.0,3.0,32102.0,32102.0,49.0,5261.0,14670.0,54.0
60,45540.0,800.0,86.0,26.0,92.0,5.0,14.0,101024.0,130616.0,88.0,22688.0,40208.0,77.0
61,41150.0,1200.0,83.0,25.0,89.0,10.0,13.0,82393.0,109567.0,90.0,16740.0,41403.0,70.0
62,37361.0,1000.0,83.0,24.0,78.0,17.0,8.0,76944.0,96426.0,81.0,21559.0,25714.0,65.0
63,54340.0,1000.0,91.0,27.0,96.0,2.0,9.0,95701.0,134369.0,49.0,47098.0,24962.0,84.0
64,54314.0,1200.0,96.0,27.0,95.0,3.0,8.0,111783.0,155752.0,43.0,47713.0,21236.0,89.0
65,53430.0,3670.0,99.0,26.0,97.0,1.0,6.0,172636.0,236442.0,53.0,51191.0,18748.0,97.0
66,26406.0,2000.0,59.0,23.0,89.0,8.0,12.0,49492.0,56968.0,92.0,16302.0,22630.0,31.0
67,47640.0,800.0,88.0,21.0,98.0,2.0,12.0,108404.0,172491.0,56.0,26636.0,33034.0,80.0
68,16512.0,1600.0,72.0,18.0,77.0,22.0,6.0,92619.0,115589.0,88.0,21279.0,14718.0,47.0
69,52889.0,1325.0,93.0,23.0,89.0,11.0,13.0,132460.0,182256.0,66.0,28405.0,39600.0,82.0
70,53520.0,1200.0,96.0,22.0,93.0,3.0,11.0,140464.0,208442.0,42.0,40160.0,28509.0,94.0
71,24966.0,1500.0,85.0,24.0,94.0,4.0,10.0,86006.0,115952.0,77.0,21235.0,19196.0,62.0
72,29700.0,1500.0,62.0,18.0,59.0,38.0,12.0,73986.0,95605.0,81.0,18065.0,19293.0,36.0
73,13844.0,1450.0,65.0,26.0,94.0,5.0,17.0,58757.0,72901.0,91.0,11662.0,15309.0,34.0
74,35960.0,800.0,72.0,28.0,88.0,11.0,18.0,49377.0,62166.0,83.0,15276.0,39401.0,55.0
75,14880.0,1000.0,56.0,34.0,85.0,15.0,10.0,47728.0,51671.0,96.0,8823.0,14340.0,32.0
76,43914.0,1350.0,82.0,29.0,98.0,1.0,12.0,71430.0,92013.0,92.0,24203.0,34461.0,68.0
77,34392.0,1400.0,82.0,24.0,90.0,9.0,17.0,87099.0,114550.0,86.0,28661.0,32329.0,61.0
78,18850.0,1000.0,69.0,25.0,93.0,6.0,18.0,67805.0,84565.0,90.0,8528.0,23776.0,56.0
79,11640.0,2310.0,66.0,7.0,50.0,44.0,7.0,69856.0,78439.0,59.0,5957.0,17145.0,34.0
80,41100.0,1200.0,81.0,21.0,91.0,6.0,14.0,87221.0,112743.0,80.0,23316.0,34139.0,60.0
81,35600.0,1250.0,82.0,26.0,91.0,8.0,14.0,75547.0,97897.0,96.0,22838.0,26135.0,64.0
82,36670.0,1323.0,77.0,21.0,70.0,28.0,11.0,68973.0,84567.0,75.0,23155.0,21820.0,53.0
83,48720.0,1000.0,92.0,21.0,93.0,6.0,12.0,111801.0,165087.0,69.0,31431.0,43305.0,82.0
84,49760.0,1230.0,86.0,21.0,89.0,10.0,10.0,73136.0,88502.0,88.0,25937.0,32826.0,74.0
85,22400.0,1344.0,72.0,6.0,34.0,65.0,14.0,73095.0,98233.0,66.0,10869.0,20036.0,50.0
86,30900.0,850.0,72.0,8.0,49.0,45.0,12.0,91853.0,115112.0,30.0,19791.0,19476.0,40.0
87,45670.0,1200.0,76.0,28.0,96.0,2.0,13.0,90584.0,122517.0,99.0,31901.0,25721.0,61.0
88,24870.0,1600.0,72.0,18.0,65.0,14.0,18.0,72945.0,98618.0,69.0,11212.0,24259.0,41.0
89,27206.0,1500.0,76.0,26.0,95.0,4.0,17.0,80780.0,93087.0,87.0,11884.0,30683.0,60.0
90,21440.0,1700.0,55.0,22.0,74.0,24.0,13.0,47515.0,51858.0,98.0,13966.0,17744.0,27.0
91,23380.0,1230.0,49.0,31.0,93.0,7.0,23.0,41266.0,51087.0,96.0,15373.0,24323.0,26.0
92,40920.0,1000.0,79.0,33.0,97.0,2.0,10.0,82647.0,98155.0,95.0,29046.0,21624.0,69.0
93,36330.0,1000.0,84.0,26.0,98.0,1.0,11.0,75250.0,93515.0,99.0,23810.0,24917.0,66.0
94,28650.0,1300.0,51.0,13.0,51.0,46.0,10.0,64810.0,77409.0,82.0,12168.0,22011.0,43.0
95,16940.0,3000.0,42.0,24.0,63.0,9.0,15.0,43472.0,39375.0,97.0,8204.0,19681.0,19.0
96,33360.0,1170.0,86.0,25.0,97.0,1.0,13.0,64979.0,68855.0,94.0,20886.0,23053.0,71.0
97,50590.0,1224.0,95.0,20.0,95.0,4.0,9.0,130508.0,179478.0,57.0,37066.0,26804.0,90.0
98,30170.0,1000.0,60.0,24.0,90.0,9.0,11.0,58721.0,68551.0,99.0,22179.0,19918.0,46.0
99,11205.0,2400.0,63.0,19.0,77.0,22.0,15.0,62412.0,73356.0,79.0,7714.0,27453.0,33.0
100,25368.0,2088.0,75.0,27.0,95.0,3.0,14.0,54745.0,64466.0,76.0,10349.0,38878.0,54.0
101,37820.0,1100.0,80.0,26.0,92.0,6.0,15.0,62417.0,77450.0,93.0,26606.0,21793.0,54.0
102,14206.0,1000.0,66.0,43.0,84.0,10.0,10.0,42644.0,47572.0,97.0,9605.0,14614.0,27.0
103,22400.0,1300.0,60.0,23.0,77.0,20.0,13.0,55300.0,69550.0,96.0,11025.0,21436.0,29.0
104,36630.0,2025.0,84.0,23.0,91.0,8.0,21.0,82482.0,82482.0,91.0,11766.0,43331.0,68.0
105,21940.0,1200.0,55.0,24.0,69.0,21.0,14.0,44944.0,47857.0,84.0,13455.0,19395.0,45.0
106,15940.0,1000.0,47.0,10.0,52.0,39.0,10.0,48120.0,57717.0,60.0,3804.0,17420.0,24.0
107,25630.0,1200.0,60.0,16.0,59.0,33.0,15.0,77193.0,90396.0,63.0,10473.0,27688.0,47.0
108,29400.0,1200.0,79.0,30.0,95.0,4.0,10.0,63298.0,78402.0,100.0,26691.0,26018.0,70.0
109,40881.0,1000.0,88.0,25.0,98.0,1.0,12.0,69683.0,90809.0,99.0,27220.0,24110.0,74.0
110,24000.0,1000.0,75.0,19.0,81.0,17.0,19.0,72252.0,96196.0,90.0,13340.0,18234.0,54.0
111,22000.0,700.0,70.0,30.0,94.0,5.0,11.0,59306.0,59306.0,98.0,17610.0,16174.0,52.0
112,33360.0,1200.0,82.0,24.0,98.0,1.0,12.0,81368.0,110387.0,94.0,18158.0,26084.0,78.0
113,55425.0,1800.0,99.0,27.0,98.0,0.0,5.0,167468.0,247117.0,61.0,38615.0,33003.0,94.0
114,26090.0,1600.0,68.0,20.0,90.0,9.0,13.0,76300.0,106335.0,74.0,10012.0,31269.0,48.0
115,39369.0,1104.0,86.0,18.0,84.0,15.0,15.0,98310.0,133765.0,83.0,19363.0,30584.0,72.0
116,25150.0,1000.0,62.0,25.0,94.0,6.0,13.0,51114.0,64293.0,98.0,11957.0,21488.0,53.0
117,26778.0,900.0,70.0,23.0,87.0,12.0,11.0,50339.0,60406.0,96.0,16813.0,21464.0,59.0
118,31225.0,1510.0,72.0,17.0,83.0,16.0,15.0,76906.0,98606.0,85.0,16566.0,25508.0,47.0
119,47434.0,800.0,91.0,29.0,99.0,0.0,11.0,74743.0,89644.0,100.0,25438.0,31999.0,79.0
120,32540.0,0.0,77.0,30.0,98.0,2.0,13.0,63763.0,78841.0,99.0,24143.0,16865.0,70.0
121,28834.0,1270.0,69.0,15.0,67.0,32.0,8.0,57520.0,64155.0,52.0,25556.0,21437.0,64.0
122,45783.0,900.0,81.0,26.0,97.0,2.0,11.0,67290.0,85655.0,99.0,31881.0,24668.0,75.0
123,46320.0,1000.0,83.0,26.0,98.0,2.0,12.0,77883.0,102416.0,97.0,31438.0,27131.0,69.0
124,32300.0,1500.0,82.0,15.0,78.0,21.0,13.0,83688.0,106855.0,85.0,15701.0,18899.0,63.0
125,42690.0,1200.0,85.0,23.0,91.0,8.0,14.0,96176.0,143607.0,88.0,20074.0,35033.0,74.0
126,29420.0,1000.0,79.0,19.0,74.0,25.0,14.0,61097.0,74897.0,74.0,19781.0,19676.0,54.0
127,34210.0,1000.0,78.0,24.0,90.0,9.0,10.0,55258.0,68525.0,91.0,21417.0,21348.0,58.0
128,10880.0,932.0,77.0,9.0,71.0,27.0,20.0,71967.0,78473.0,87.0,8065.0,19232.0,57.0
129,38700.0,1200.0,81.0,21.0,94.0,5.0,14.0,74684.0,95718.0,96.0,22298.0,24913.0,68.0
130,29190.0,1000.0,75.0,21.0,86.0,14.0,10.0,70092.0,78457.0,94.0,13115.0,20249.0,60.0
131,35080.0,1000.0,76.0,21.0,86.0,13.0,16.0,65848.0,76009.0,95.0,22369.0,20741.0,61.0
132,27296.0,1250.0,63.0,26.0,86.0,7.0,14.0,50169.0,65153.0,93.0,22699.0,18547.0,52.0
133,28050.0,1500.0,45.0,23.0,80.0,18.0,20.0,66828.0,66828.0,93.0,17784.0,22592.0,76.0
134,29832.0,1200.0,74.0,13.0,74.0,26.0,10.0,75722.0,94055.0,85.0,15579.0,23707.0,39.0
135,32964.0,1200.0,83.0,21.0,91.0,9.0,10.0,73846.0,88050.0,90.0,20589.0,18037.0,61.0
136,32000.0,800.0,79.0,13.0,75.0,24.0,13.0,70449.0,90012.0,89.0,17571.0,19418.0,62.0
137,32800.0,1200.0,74.0,24.0,90.0,10.0,15.0,65621.0,79367.0,95.0,21294.0,15131.0,57.0
138,29700.0,1100.0,81.0,14.0,78.0,21.0,10.0,63358.0,74224.0,87.0,13437.0,23368.0,60.0
139,36420.0,800.0,92.0,25.0,98.0,1.0,10.0,83445.0,99551.0,77.0,16885.0,28162.0,87.0
140,40160.0,1000.0,89.0,28.0,97.0,1.0,11.0,75672.0,97577.0,92.0,19866.0,37954.0,72.0
141,48860.0,1000.0,91.0,26.0,99.0,0.0,9.0,86928.0,101263.0,97.0,30087.0,29262.0,85.0
142,31810.0,1200.0,76.0,28.0,97.0,1.0,11.0,59278.0,77266.0,98.0,19851.0,22245.0,61.0
143,33700.0,900.0,73.0,24.0,86.0,12.0,11.0,52245.0,60517.0,89.0,22467.0,18519.0,68.0
144,29750.0,1800.0,40.0,35.0,92.0,8.0,13.0,47287.0,53975.0,91.0,19463.0,24399.0,39.0
145,34000.0,1200.0,77.0,17.0,69.0,26.0,13.0,61005.0,77845.0,67.0,22811.0,20427.0,57.0
146,52884.0,1050.0,98.0,24.0,99.0,0.0,10.0,129197.0,185719.0,61.0,37676.0,30229.0,97.0
147,24000.0,1414.0,65.0,9.0,37.0,20.0,12.0,50425.0,59768.0,36.0,17041.0,15066.0,54.0
148,46641.0,1500.0,92.0,24.0,98.0,1.0,11.0,98874.0,118225.0,96.0,20091.0,44063.0,81.0
149,29150.0,1200.0,74.0,19.0,79.0,20.0,10.0,59297.0,69393.0,88.0,17333.0,16544.0,53.0
150,41380.0,1000.0,85.0,27.0,99.0,0.0,9.0,66432.0,86776.0,96.0,27104.0,25610.0,78.0
151,33864.0,1000.0,86.0,25.0,93.0,2.0,12.0,59485.0,69177.0,86.0,18931.0,25382.0,82.0
152,31700.0,1600.0,80.0,15.0,53.0,1.0,15.0,68395.0,87009.0,44.0,22459.0,24973.0,65.0
153,39000.0,1200.0,80.0,24.0,94.0,5.0,11.0,68475.0,90267.0,96.0,27132.0,23916.0,71.0
154,42800.0,1000.0,86.0,31.0,99.0,0.0,10.0,78285.0,99349.0,99.0,29671.0,22101.0,71.0
155,29796.0,1339.0,68.0,19.0,71.0,23.0,11.0,56122.0,65959.0,88.0,20323.0,18442.0,45.0
156,34004.0,999.0,60.0,12.0,60.0,39.0,8.0,56841.0,69993.0,86.0,14117.0,20580.0,54.0
157,37296.0,1339.0,79.0,25.0,97.0,1.0,11.0,65063.0,77597.0,96.0,25650.0,22753.0,72.0
158,32300.0,1340.0,71.0,26.0,94.0,6.0,8.0,55834.0,62040.0,96.0,18912.0,25819.0,63.0
159,43700.0,1000.0,75.0,28.0,97.0,2.0,11.0,60290.0,86796.0,97.0,31150.0,22456.0,66.0
160,30330.0,1160.0,76.0,26.0,98.0,2.0,14.0,59403.0,67214.0,79.0,17932.0,26273.0,73.0
161,41250.0,1100.0,89.0,25.0,94.0,4.0,10.0,85597.0,104972.0,96.0,21286.0,29511.0,76.0
162,28600.0,1250.0,61.0,23.0,78.0,16.0,14.0,55045.0,68947.0,78.0,19302.0,18923.0,51.0
163,51924.0,900.0,92.0,27.0,98.0,0.0,9.0,101975.0,141322.0,84.0,35750.0,30808.0,84.0
164,32524.0,1100.0,81.0,25.0,95.0,3.0,13.0,58078.0,66496.0,97.0,21654.0,20316.0,68.0
165,41950.0,1040.0,84.0,28.0,99.0,1.0,11.0,67832.0,79992.0,97.0,28051.0,24688.0,79.0
166,17952.0,1540.0,74.0,4.0,52.0,48.0,8.0,51240.0,61702.0,73.0,7471.0,19095.0,25.0
167,30030.0,1339.0,71.0,27.0,94.0,5.0,13.0,61154.0,70986.0,96.0,20093.0,23396.0,51.0
168,31598.0,1340.0,67.0,16.0,68.0,31.0,15.0,61219.0,69444.0,100.0,16888.0,20704.0,71.0
169,30614.0,1320.0,80.0,22.0,89.0,11.0,11.0,67533.0,80631.0,93.0,17622.0,25562.0,67.0
170,38412.0,1339.0,77.0,26.0,86.0,14.0,11.0,59566.0,66019.0,94.0,23578.0,23759.0,70.0
171,29700.0,1560.0,71.0,5.0,36.0,64.0,13.0,54179.0,70201.0,53.0,10828.0,21630.0,43.0
172,40220.0,1100.0,79.0,31.0,97.0,1.0,11.0,60358.0,67218.0,96.0,29405.0,22599.0,67.0
173,28730.0,1200.0,79.0,28.0,95.0,2.0,13.0,63080.0,71210.0,90.0,17199.0,24461.0,60.0
174,27965.0,1000.0,75.0,13.0,57.0,24.0,11.0,61136.0,64891.0,76.0,13443.0,18780.0,41.0
175,29260.0,986.0,78.0,7.0,36.0,11.0,11.0,51600.0,50711.0,36.0,19138.0,13902.0,53.0
176,29500.0,1200.0,58.0,22.0,90.0,7.0,10.0,49975.0,69203.0,96.0,17821.0,25221.0,37.0
177,29986.0,1490.0,67.0,13.0,62.0,28.0,9.0,58738.0,67264.0,71.0,18058.0,19905.0,42.0
178,27880.0,2550.0,62.0,18.0,87.0,13.0,11.0,55598.0,63294.0,68.0,17790.0,20558.0,55.0
179,30000.0,1000.0,54.0,14.0,49.0,51.0,10.0,52825.0,63750.0,69.0,15004.0,22966.0,48.0
180,40250.0,764.0,79.0,26.0,91.0,6.0,11.0,72823.0,101479.0,94.0,28359.0,23607.0,67.0
181,39400.0,700.0,83.0,26.0,90.0,5.0,10.0,73170.0,92445.0,100.0,33186.0,1196.0,63.0
182,21500.0,2400.0,63.0,24.0,61.0,35.0,13.0,49285.0,64140.0,59.0,12910.0,13413.0,33.0
183,24900.0,1200.0,63.0,16.0,43.0,25.0,13.0,48842.0,64081.0,42.0,15786.0,17843.0,41.0
184,41700.0,1500.0,90.0,25.0,98.0,0.0,11.0,74941.0,96409.0,98.0,27076.0,25051.0,81.0
185,38650.0,1250.0,63.0,27.0,96.0,2.0,11.0,56429.0,64071.0,93.0,29318.0,19852.0,58.0
186,25260.0,1400.0,69.0,30.0,90.0,5.0,13.0,47118.0,53420.0,95.0,8389.0,26422.0,42.0
187,20800.0,2500.0,60.0,19.0,67.0,7.0,14.0,56116.0,65356.0,94.0,13455.0,18015.0,30.0
188,24500.0,1260.0,74.0,18.0,53.0,17.0,11.0,66220.0,81550.0,82.0,20681.0,23552.0,37.0
189,37170.0,1000.0,82.0,30.0,97.0,1.0,11.0,68221.0,76299.0,99.0,24019.0,26125.0,75.0
190,15650.0,1300.0,67.0,16.0,83.0,17.0,8.0,26000.0,26171.0,36.0,6301.0,29982.0,50.0
191,53794.0,900.0,94.0,30.0,99.0,0.0,10.0,101270.0,134672.0,44.0,42790.0,25113.0,89.0
192,53418.0,840.0,98.0,28.0,98.0,0.0,9.0,109081.0,149754.0,50.0,41967.0,24831.0,95.0
193,52890.0,735.0,94.0,29.0,100.0,0.0,10.0,106928.0,145764.0,49.0,43218.0,20689.0,90.0
194,36300.0,1400.0,76.0,14.0,71.0,28.0,13.0,78779.0,98990.0,53.0,17688.0,34445.0,64.0
195,34320.0,1250.0,71.0,25.0,93.0,7.0,8.0,53778.0,61678.0,100.0,16831.0,31174.0,51.0
196,38910.0,1200.0,71.0,22.0,87.0,10.0,10.0,68615.0,82845.0,95.0,25967.0,23149.0,66.0
197,46870.0,1500.0,89.0,24.0,91.0,7.0,9.0,73781.0,73781.0,95.0,21214.0,42314.0,70.0
198,35600.0,1200.0,69.0,27.0,64.0,35.0,10.0,62426.0,72579.0,71.0,20593.0,21686.0,53.0
199,45888.0,1400.0,84.0,23.0,97.0,1.0,10.0,71904.0,94179.0,90.0,25772.0,29457.0,68.0
200,35680.0,1200.0,64.0,26.0,82.0,16.0,16.0,63199.0,73396.0,97.0,24107.0,21201.0,47.0
201,55520.0,1000.0,96.0,27.0,98.0,1.0,7.0,116777.0,156627.0,60.0,50424.0,19275.0,93.0
202,35480.0,1000.0,63.0,28.0,74.0,22.0,12.0,58215.0,59379.0,91.0,20050.0,25664.0,46.0
203,21720.0,1500.0,56.0,4.0,42.0,56.0,12.0,64008.0,66513.0,74.0,6068.0,32761.0,46.0
204,35600.0,960.0,73.0,17.0,80.0,18.0,16.0,71749.0,74965.0,91.0,18453.0,33266.0,45.0
205,48180.0,1260.0,93.0,24.0,97.0,2.0,11.0,126936.0,175113.0,66.0,28540.0,38270.0,89.0
206,42880.0,474.0,85.0,19.0,69.0,19.0,10.0,88203.0,98911.0,55.0,17214.0,43799.0,64.0
207,53260.0,1000.0,92.0,25.0,98.0,1.0,10.0,118508.0,151575.0,59.0,35228.0,39735.0,88.0
208,15588.0,1500.0,43.0,1.0,18.0,80.0,11.0,69096.0,72872.0,56.0,3625.0,22462.0,17.0
209,45380.0,800.0,87.0,25.0,97.0,1.0,10.0,97728.0,125458.0,87.0,25051.0,29129.0,77.0
210,39234.0,1000.0,64.0,36.0,87.0,11.0,17.0,58381.0,66397.0,81.0,22458.0,31835.0,27.0
211,43712.0,1150.0,87.0,24.0,97.0,2.0,15.0,91818.0,121752.0,64.0,19525.0,46054.0,79.0
212,39544.0,880.0,78.0,29.0,97.0,2.0,13.0,81445.0,115499.0,93.0,21704.0,32243.0,66.0
213,35800.0,800.0,83.0,27.0,98.0,2.0,11.0,63414.0,73613.0,98.0,20336.0,28773.0,70.0
214,46340.0,1000.0,99.0,17.0,78.0,20.0,7.0,182869.0,235555.0,43.0,47145.0,17590.0,98.0
215,34700.0,1000.0,68.0,23.0,93.0,4.0,13.0,74176.0,92856.0,91.0,23123.0,28988.0,61.0
216,32600.0,1172.0,80.0,17.0,80.0,19.0,16.0,88577.0,110909.0,86.0,9896.0,39665.0,66.0
217,51520.0,1000.0,99.0,24.0,96.0,1.0,3.0,172284.0,232216.0,64.0,44820.0,18971.0,94.0
218,39390.0,1000.0,85.0,29.0,92.0,3.0,14.0,79391.0,105530.0,93.0,19114.0,33981.0,71.0
219,31900.0,1600.0,82.0,28.0,94.0,4.0,12.0,59333.0,64583.0,100.0,15044.0,30401.0,55.0
220,49780.0,950.0,92.0,28.0,95.0,3.0,9.0,96650.0,129708.0,78.0,33041.0,29737.0,83.0
221,33800.0,1400.0,75.0,27.0,92.0,7.0,17.0,70808.0,75438.0,94.0,19673.0,29158.0,55.0
222,50450.0,1000.0,97.0,20.0,97.0,1.0,14.0,120752.0,183583.0,64.0,28199.0,34245.0,88.0
223,34114.0,1150.0,79.0,12.0,66.0,33.0,11.0,60262.0,71802.0,83.0,17572.0,22702.0,66.0
224,41015.0,1000.0,85.0,16.0,78.0,20.0,9.0,73167.0,94793.0,69.0,24870.0,28145.0,57.0
225,39660.0,1280.0,80.0,22.0,89.0,11.0,6.0,73389.0,93344.0,94.0,25569.0,29601.0,80.0
226,52120.0,800.0,93.0,25.0,94.0,4.0,9.0,105843.0,137588.0,71.0,42165.0,28123.0,89.0
227,42746.0,893.0,87.0,26.0,98.0,1.0,12.0,85800.0,108885.0,97.0,24336.0,35271.0,79.0
228,55172.0,800.0,96.0,27.0,98.0,1.0,9.0,112265.0,155383.0,42.0,39546.0,26825.0,93.0
229,33950.0,1500.0,83.0,23.0,89.0,9.0,18.0,78685.0,99482.0,86.0,14201.0,35661.0,66.0
230,55140.0,800.0,99.0,25.0,97.0,1.0,6.0,114650.0,147644.0,55.0,48763.0,18979.0,95.0
231,49860.0,1000.0,96.0,27.0,97.0,1.0,13.0,112045.0,166707.0,93.0,20699.0,43815.0,87.0
232,36112.0,1800.0,71.0,35.0,95.0,1.0,14.0,72872.0,87245.0,96.0,24197.0,26710.0,45.0
233,45070.0,700.0,75.0,28.0,96.0,1.0,11.0,67972.0,77902.0,99.0,34607.0,17663.0,64.0
234,39998.0,800.0,79.0,28.0,94.0,1.0,12.0,67496.0,81470.0,97.0,27558.0,22830.0,64.0
235,28272.0,1100.0,82.0,17.0,76.0,12.0,10.0,44557.0,51506.0,78.0,18011.0,21820.0,58.0
236,31975.0,904.0,77.0,21.0,85.0,8.0,11.0,57028.0,63310.0,90.0,20301.0,18513.0,60.0
237,9600.0,1800.0,49.0,6.0,42.0,52.0,8.0,48625.0,58509.0,78.0,4440.0,12877.0,16.0
238,34600.0,1100.0,87.0,23.0,93.0,4.0,12.0,77859.0,85820.0,94.0,18228.0,25851.0,77.0
239,42690.0,3000.0,81.0,17.0,87.0,13.0,10.0,92641.0,93533.0,100.0,15162.0,39067.0,62.0
240,28000.0,1250.0,83.0,20.0,80.0,14.0,11.0,86250.0,113182.0,88.0,27531.0,22016.0,65.0
241,40236.0,1200.0,91.0,19.0,95.0,3.0,15.0,78262.0,88982.0,97.0,18470.0,39036.0,63.0
242,33700.0,930.0,89.0,25.0,97.0,1.0,11.0,75306.0,92306.0,89.0,15262.0,27812.0,79.0
243,48162.0,825.0,91.0,28.0,97.0,0.0,13.0,71577.0,91879.0,99.0,31592.0,25903.0,79.0
244,21750.0,1722.0,66.0,13.0,57.0,31.0,12.0,52751.0,54005.0,76.0,10131.0,16281.0,35.0
245,25710.0,1230.0,79.0,9.0,54.0,45.0,10.0,63909.0,70151.0,68.0,10799.0,22671.0,49.0
246,26558.0,1000.0,70.0,13.0,55.0,42.0,12.0,55972.0,67809.0,71.0,11955.0,19526.0,42.0
247,22258.0,1500.0,68.0,24.0,80.0,10.0,9.0,46749.0,65239.0,99.0,5734.0,23394.0,27.0
248,38150.0,1200.0,72.0,18.0,80.0,20.0,12.0,69390.0,82578.0,88.0,23872.0,24608.0,64.0
249,27100.0,800.0,80.0,24.0,85.0,3.0,12.0,59270.0,69168.0,84.0,17526.0,17546.0,55.0
250,37140.0,1214.0,85.0,21.0,83.0,13.0,12.0,69459.0,77582.0,89.0,19904.0,27085.0,76.0
251,54438.0,823.0,97.0,25.0,98.0,0.0,9.0,109120.0,138051.0,61.0,36313.0,32336.0,93.0
252,22275.0,2000.0,76.0,8.0,48.0,42.0,18.0,40338.0,64531.0,71.0,8794.0,18591.0,59.0
253,15410.0,800.0,85.0,22.0,86.0,13.0,12.0,39986.0,40642.0,76.0,8009.0,19244.0,73.0
254,44900.0,900.0,87.0,29.0,98.0,0.0,11.0,66700.0,82403.0,97.0,27938.0,23906.0,78.0
255,40284.0,490.0,74.0,26.0,93.0,6.0,12.0,69060.0,78615.0,96.0,24440.0,22079.0,63.0
256,54114.0,1145.0,96.0,29.0,98.0,0.0,10.0,95608.0,125461.0,82.0,34747.0,29013.0,90.0
257,38670.0,2920.0,86.0,23.0,89.0,8.0,11.0,66307.0,75260.0,98.0,20084.0,28074.0,64.0
258,30990.0,600.0,77.0,12.0,54.0,6.0,16.0,58099.0,63408.0,54.0,16880.0,24286.0,63.0
259,44184.0,1000.0,89.0,25.0,99.0,0.0,12.0,76608.0,92157.0,100.0,28215.0,27961.0,80.0
260,44184.0,1000.0,87.0,24.0,98.0,1.0,12.0,76701.0,93202.0,100.0,27158.0,27500.0,76.0
261,36614.0,1150.0,80.0,16.0,73.0,27.0,13.0,64673.0,86142.0,82.0,19803.0,24007.0,69.0
262,41792.0,1000.0,86.0,28.0,96.0,4.0,14.0,94943.0,119232.0,93.0,21145.0,30183.0,77.0
263,31712.0,1000.0,78.0,12.0,61.0,38.0,10.0,65168.0,80718.0,81.0,17886.0,20157.0,59.0
264,10690.0,1200.0,73.0,20.0,84.0,12.0,14.0,47299.0,50213.0,95.0,9109.0,12499.0,49.0
265,37290.0,1200.0,79.0,31.0,97.0,1.0,9.0,73842.0,98568.0,98.0,28479.0,24125.0,64.0
266,17000.0,1300.0,80.0,16.0,82.0,13.0,15.0,68860.0,89655.0,90.0,12400.0,17520.0,53.0
267,9900.0,250.0,49.0,30.0,91.0,9.0,19.0,41026.0,47798.0,93.0,6733.0,10335.0,30.0
268,19900.0,1056.0,68.0,13.0,73.0,25.0,12.0,58138.0,67079.0,80.0,15314.0,18607.0,50.0
269,23650.0,1000.0,73.0,28.0,95.0,5.0,12.0,56946.0,72114.0,98.0,17023.0,20525.0,40.0
270,10190.0,1242.0,69.0,3.0,29.0,70.0,25.0,70667.0,85862.0,55.0,5375.0,22306.0,25.0
271,26255.0,1100.0,67.0,28.0,91.0,6.0,14.0,52457.0,64815.0,89.0,17488.0,20327.0,50.0
272,27350.0,1200.0,83.0,25.0,95.0,5.0,11.0,60597.0,65596.0,97.0,17711.0,19150.0,64.0
273,25980.0,1000.0,74.0,21.0,78.0,21.0,10.0,62374.0,74313.0,89.0,13712.0,21861.0,63.0
274,16900.0,1200.0,70.0,16.0,74.0,25.0,14.0,68374.0,84931.0,83.0,8836.0,18654.0,50.0
275,19300.0,2830.0,44.0,28.0,74.0,6.0,16.0,39849.0,49644.0,73.0,14664.0,18935.0,23.0
276,18900.0,1000.0,75.0,20.0,97.0,2.0,14.0,65719.0,76199.0,100.0,16987.0,13077.0,66.0
277,7901.0,1690.0,55.0,2.0,28.0,71.0,15.0,60577.0,82050.0,49.0,5203.0,15359.0,35.0
278,36800.0,1530.0,86.0,17.0,67.0,7.0,14.0,65726.0,76356.0,67.0,25972.0,22876.0,75.0
279,23100.0,1500.0,71.0,16.0,65.0,18.0,12.0,52477.0,64779.0,70.0,13897.0,17765.0,47.0
280,52400.0,992.0,97.0,23.0,92.0,7.0,7.0,135571.0,201104.0,47.0,38245.0,27931.0,95.0
281,27700.0,1000.0,78.0,16.0,69.0,31.0,12.0,78838.0,94679.0,75.0,14813.0,22727.0,59.0
282,25700.0,1100.0,76.0,24.0,96.0,3.0,11.0,58793.0,66489.0,97.0,18363.0,22091.0,58.0
283,23230.0,1200.0,74.0,20.0,80.0,19.0,10.0,48292.0,55466.0,86.0,15224.0,20934.0,61.0
284,27982.0,1300.0,67.0,28.0,91.0,7.0,11.0,58232.0,66107.0,95.0,19826.0,18330.0,49.0
285,7152.0,1350.0,77.0,0.0,21.0,78.0,27.0,50855.0,60982.0,32.0,6604.0,9635.0,0.0
286,15633.0,1200.0,83.0,10.0,76.0,23.0,9.0,64574.0,80049.0,58.0,4696.0,22464.0,71.0
287,38200.0,1200.0,89.0,26.0,93.0,6.0,11.0,87041.0,116152.0,94.0,21961.0,31317.0,79.0
288,33000.0,1000.0,71.0,26.0,97.0,2.0,11.0,61556.0,75886.0,100.0,20771.0,24846.0,62.0
289,15349.0,1300.0,83.0,5.0,58.0,42.0,13.0,52086.0,70961.0,72.0,5555.0,24802.0,57.0
290,31998.0,1020.0,60.0,19.0,68.0,5.0,16.0,54055.0,55680.0,76.0,18222.0,23601.0,44.0
291,33252.0,1000.0,83.0,26.0,86.0,13.0,10.0,61099.0,68595.0,89.0,18741.0,24519.0,63.0
292,6240.0,300.0,100.0,15.0,58.0,31.0,7.0,30885.0,30885.0,90.0,3663.0,8923.0,60.0
293,20350.0,952.0,76.0,14.0,70.0,28.0,10.0,59167.0,72781.0,85.0,10639.0,15064.0,60.0
294,53496.0,1260.0,97.0,26.0,97.0,1.0,7.0,140180.0,191230.0,54.0,44751.0,23394.0,95.0
295,30756.0,1200.0,68.0,3.0,23.0,75.0,24.0,72526.0,96515.0,51.0,3888.0,39071.0,52.0
296,29950.0,1300.0,60.0,24.0,85.0,13.0,14.0,77452.0,89657.0,94.0,21304.0,21989.0,34.0
297,32990.0,2400.0,79.0,30.0,89.0,11.0,13.0,71467.0,83941.0,98.0,20671.0,19096.0,57.0
298,32092.0,1200.0,69.0,18.0,81.0,18.0,13.0,67396.0,95047.0,82.0,21869.0,22257.0,59.0
299,38668.0,1200.0,84.0,25.0,96.0,3.0,11.0,81313.0,100021.0,87.0,35226.0,28993.0,62.0
300,39686.0,1230.0,80.0,9.0,40.0,17.0,13.0,82994.0,102773.0,57.0,22490.0,13974.0,55.0
301,31920.0,1300.0,77.0,18.0,77.0,22.0,13.0,59742.0,72919.0,90.0,24165.0,17917.0,46.0
302,42096.0,1230.0,85.0,25.0,96.0,3.0,13.0,82568.0,103307.0,72.0,25338.0,22882.0,54.0
303,31416.0,1350.0,74.0,16.0,73.0,18.0,12.0,76196.0,93794.0,82.0,20669.0,22757.0,54.0
304,37438.0,1038.0,81.0,23.0,96.0,3.0,13.0,81808.0,113393.0,96.0,19272.0,30320.0,69.0
305,49450.0,1050.0,98.0,25.0,97.0,1.0,5.0,181669.0,248252.0,59.0,50655.0,16192.0,96.0
306,42120.0,1500.0,78.0,23.0,92.0,8.0,10.0,100022.0,108740.0,90.0,25354.0,29284.0,65.0
307,36386.0,1000.0,82.0,21.0,85.0,12.0,14.0,78264.0,99995.0,91.0,29980.0,13246.0,50.0
308,39900.0,1000.0,83.0,25.0,94.0,5.0,13.0,87821.0,117781.0,89.0,24185.0,29974.0,70.0
309,31620.0,1300.0,62.0,23.0,71.0,29.0,11.0,63834.0,77488.0,74.0,26082.0,19775.0,50.0
310,50370.0,1200.0,95.0,29.0,99.0,0.0,11.0,119318.0,154153.0,94.0,23914.0,39862.0,87.0
311,37000.0,1020.0,80.0,23.0,86.0,9.0,12.0,111335.0,143740.0,87.0,17920.0,28406.0,70.0
312,28198.0,1300.0,73.0,26.0,89.0,4.0,11.0,58455.0,68551.0,91.0,20509.0,20892.0,60.0
313,53252.0,1150.0,95.0,23.0,98.0,0.0,9.0,124550.0,175867.0,44.0,41886.0,26681.0,92.0
314,11000.0,400.0,51.0,10.0,26.0,73.0,20.0,39304.0,55959.0,100.0,4367.0,17082.0,34.0
315,27000.0,1000.0,85.0,21.0,93.0,3.0,12.0,74614.0,85495.0,94.0,24880.0,20542.0,68.0
316,48194.0,1432.0,86.0,26.0,95.0,1.0,14.0,97552.0,131016.0,96.0,31414.0,31376.0,75.0
317,55530.0,1040.0,94.0,28.0,97.0,0.0,9.0,106252.0,150564.0,47.0,45889.0,23058.0,89.0
318,18604.0,1000.0,36.0,4.0,17.0,81.0,10.0,62500.0,66821.0,79.0,8500.0,20256.0,24.0
319,31500.0,1000.0,77.0,12.0,70.0,28.0,10.0,61912.0,72939.0,66.0,16776.0,17593.0,43.0
320,44550.0,1400.0,91.0,25.0,93.0,2.0,6.0,113411.0,126143.0,100.0,34327.0,28579.0,88.0
321,54584.0,930.0,97.0,22.0,99.0,1.0,9.0,138094.0,179893.0,52.0,39868.0,28890.0,95.0
322,26120.0,1200.0,77.0,14.0,71.0,26.0,10.0,62369.0,67572.0,90.0,13448.0,21240.0,52.0
323,41900.0,600.0,78.0,25.0,88.0,10.0,11.0,50172.0,60762.0,92.0,28465.0,24378.0,68.0
324,51285.0,1012.0,90.0,24.0,91.0,6.0,15.0,124036.0,171888.0,81.0,27610.0,39011.0,83.0
325,44650.0,700.0,69.0,35.0,94.0,1.0,10.0,70772.0,83444.0,97.0,30368.0,23873.0,58.0
326,44640.0,1000.0,82.0,23.0,93.0,4.0,13.0,121518.0,146377.0,87.0,23690.0,32443.0,63.0
327,36612.0,1500.0,75.0,26.0,87.0,1.0,16.0,88267.0,112851.0,90.0,22612.0,28131.0,67.0
328,30823.0,1300.0,70.0,20.0,72.0,27.0,11.0,57574.0,67779.0,88.0,15645.0,25730.0,54.0
329,35737.0,2000.0,74.0,10.0,49.0,13.0,13.0,105018.0,120857.0,53.0,19269.0,24266.0,43.0
330,37370.0,800.0,70.0,25.0,93.0,4.0,11.0,79813.0,98150.0,92.0,24769.0,24541.0,59.0
331,37775.0,1000.0,87.0,23.0,90.0,5.0,16.0,86325.0,122940.0,78.0,15180.0,37421.0,83.0
332,18400.0,1556.0,75.0,13.0,60.0,29.0,17.0,81627.0,98365.0,69.0,11119.0,13972.0,43.0
333,30270.0,1470.0,89.0,17.0,80.0,20.0,10.0,99386.0,120348.0,80.0,12504.0,29189.0,75.0
334,30046.0,1300.0,85.0,19.0,81.0,17.0,14.0,78771.0,97377.0,88.0,15525.0,24770.0,57.0
335,32850.0,1100.0,85.0,24.0,92.0,5.0,9.0,74520.0,90298.0,98.0,17819.0,29881.0,66.0
336,47997.0,1589.0,82.0,24.0,85.0,12.0,10.0,104265.0,143931.0,84.0,16566.0,48447.0,72.0
337,49256.0,904.0,94.0,23.0,94.0,4.0,9.0,128624.0,205079.0,49.0,29480.0,39935.0,85.0
338,31700.0,1050.0,84.0,18.0,84.0,13.0,11.0,78218.0,96414.0,92.0,20715.0,19106.0,70.0
339,35585.0,1104.0,72.0,23.0,88.0,11.0,12.0,108857.0,140379.0,84.0,21613.0,22187.0,51.0
340,28420.0,1000.0,71.0,25.0,92.0,6.0,12.0,49789.0,60390.0,97.0,17563.0,26343.0,47.0
341,49810.0,1750.0,88.0,23.0,93.0,5.0,9.0,97231.0,108493.0,74.0,20126.0,44920.0,72.0
342,52550.0,1286.0,92.0,27.0,96.0,1.0,13.0,113152.0,152837.0,85.0,31034.0,39308.0,86.0
343,41761.0,1066.0,89.0,21.0,90.0,5.0,13.0,94141.0,131470.0,87.0,19555.0,31798.0,70.0
344,29357.0,1200.0,78.0,25.0,81.0,14.0,10.0,57043.0,63980.0,93.0,18617.0,21340.0,62.0
345,25188.0,1000.0,77.0,24.0,84.0,12.0,15.0,80685.0,107911.0,97.0,13693.0,14819.0,55.0
346,31432.0,1200.0,74.0,25.0,89.0,5.0,14.0,71389.0,86820.0,95.0,16177.0,21892.0,61.0
347,31150.0,1250.0,81.0,15.0,59.0,4.0,14.0,81004.0,100314.0,66.0,18499.0,20266.0,55.0
348,36675.0,1292.0,88.0,24.0,94.0,3.0,12.0,77801.0,94507.0,93.0,24024.0,28355.0,74.0
349,53258.0,1300.0,91.0,26.0,98.0,1.0,8.0,89127.0,121623.0,46.0,43986.0,24087.0,86.0
350,27230.0,1000.0,79.0,21.0,72.0,25.0,9.0,80261.0,111732.0,89.0,14667.0,16973.0,68.0
351,27230.0,1000.0,80.0,14.0,75.0,23.0,13.0,81625.0,106303.0,85.0,11429.0,19072.0,68.0
352,33500.0,1100.0,87.0,22.0,90.0,8.0,12.0,84282.0,107784.0,97.0,16591.0,27794.0,73.0
353,40270.0,626.0,84.0,18.0,67.0,2.0,17.0,113184.0,144117.0,68.0,24887.0,25816.0,61.0
354,50230.0,1469.0,90.0,24.0,95.0,3.0,15.0,106406.0,133064.0,71.0,27696.0,39005.0,83.0
355,17748.0,805.0,78.0,8.0,53.0,42.0,13.0,70077.0,110665.0,78.0,9631.0,19643.0,45.0
356,54819.0,1500.0,95.0,26.0,99.0,1.0,10.0,105795.0,134676.0,78.0,28765.0,39538.0,88.0
357,20832.0,1400.0,70.0,16.0,70.0,27.0,13.0,74227.0,86359.0,70.0,9464.0,22991.0,54.0
358,20115.0,1000.0,58.0,18.0,54.0,39.0,18.0,55351.0,65142.0,89.0,8436.0,16299.0,49.0
359,41000.0,1224.0,87.0,20.0,95.0,1.0,7.0,109606.0,169200.0,88.0,26853.0,32995.0,83.0
360,30880.0,1200.0,72.0,28.0,84.0,15.0,11.0,55348.0,59013.0,98.0,18428.0,22792.0,52.0
361,28400.0,1000.0,56.0,38.0,94.0,3.0,11.0,45349.0,50488.0,97.0,17875.0,23102.0,33.0
362,31150.0,1600.0,74.0,19.0,72.0,27.0,16.0,77636.0,108534.0,88.0,23796.0,22458.0,51.0
363,24980.0,1000.0,55.0,30.0,92.0,5.0,16.0,63329.0,72975.0,100.0,17748.0,17298.0,29.0
364,50938.0,1000.0,95.0,28.0,99.0,0.0,9.0,104185.0,133098.0,75.0,39122.0,26565.0,90.0
365,34850.0,900.0,90.0,27.0,97.0,0.0,12.0,83272.0,109364.0,56.0,14442.0,34974.0,83.0
366,28440.0,1400.0,60.0,20.0,79.0,13.0,10.0,55595.0,62086.0,85.0,9765.0,21507.0,38.0
367,7560.0,1000.0,80.0,0.0,19.0,77.0,3.0,23115.0,28025.0,95.0,4707.0,9386.0,33.0
368,15466.0,1700.0,69.0,24.0,80.0,17.0,12.0,57648.0,72828.0,94.0,12151.0,18991.0,36.0
369,24878.0,550.0,67.0,23.0,78.0,22.0,12.0,47116.0,60045.0,96.0,15118.0,22356.0,37.0
370,36400.0,1160.0,68.0,27.0,87.0,5.0,13.0,69171.0,77844.0,87.0,26108.0,18927.0,50.0
371,37076.0,850.0,80.0,25.0,92.0,5.0,11.0,66900.0,74208.0,96.0,21874.0,25471.0,61.0
372,33480.0,1400.0,53.0,21.0,73.0,25.0,9.0,65331.0,77415.0,87.0,20323.0,31287.0,39.0
373,28700.0,1260.0,72.0,14.0,74.0,21.0,11.0,54568.0,64148.0,91.0,22025.0,15560.0,60.0
374,52348.0,1404.0,96.0,27.0,100.0,0.0,10.0,105028.0,151226.0,49.0,35473.0,27354.0,89.0
375,16800.0,1244.0,82.0,21.0,72.0,16.0,14.0,73611.0,93020.0,83.0,9605.0,17216.0,55.0
376,31560.0,1500.0,47.0,33.0,89.0,11.0,10.0,30766.0,35783.0,100.0,7348.0,29003.0,63.0
377,32586.0,1654.0,82.0,22.0,89.0,10.0,11.0,72095.0,84815.0,91.0,19967.0,23526.0,64.0
378,35146.0,1550.0,78.0,24.0,88.0,10.0,11.0,77045.0,98945.0,98.0,21088.0,22206.0,58.0
379,48604.0,1200.0,95.0,26.0,96.0,1.0,11.0,107562.0,150010.0,81.0,29229.0,34061.0,85.0
380,30070.0,1220.0,87.0,24.0,87.0,1.0,15.0,66461.0,76543.0,86.0,15734.0,23360.0,72.0
381,16530.0,1000.0,49.0,35.0,81.0,9.0,19.0,38747.0,46641.0,78.0,10739.0,21469.0,54.0
382,34920.0,4000.0,78.0,23.0,94.0,6.0,9.0,58130.0,69597.0,100.0,18119.0,25884.0,62.0
383,42900.0,1000.0,91.0,26.0,97.0,2.0,14.0,79584.0,117370.0,91.0,22456.0,34718.0,79.0
384,33250.0,1275.0,80.0,15.0,73.0,6.0,16.0,66950.0,85177.0,68.0,19912.0,24122.0,62.0
385,30400.0,1500.0,67.0,31.0,98.0,2.0,13.0,60823.0,69296.0,98.0,18469.0,23411.0,50.0
386,32359.0,800.0,76.0,19.0,65.0,10.0,13.0,56007.0,65514.0,73.0,20314.0,21700.0,58.0
387,39840.0,1250.0,83.0,27.0,96.0,2.0,13.0,81303.0,96647.0,94.0,24954.0,28765.0,78.0
388,12960.0,1626.0,71.0,7.0,54.0,44.0,10.0,67363.0,83485.0,71.0,5773.0,19037.0,38.0
389,29986.0,1100.0,67.0,21.0,70.0,9.0,14.0,56884.0,72940.0,73.0,21680.0,20460.0,49.0
390,35030.0,1228.0,73.0,33.0,93.0,4.0,9.0,67155.0,76079.0,75.0,25141.0,20453.0,56.0
391,12840.0,2000.0,81.0,3.0,47.0,53.0,7.0,60570.0,75940.0,66.0,5564.0,19275.0,55.0
392,19222.0,1400.0,79.0,20.0,71.0,21.0,10.0,56194.0,63354.0,88.0,16975.0,20626.0,58.0
393,29100.0,1200.0,72.0,22.0,72.0,12.0,11.0,59444.0,70070.0,78.0,16045.0,18462.0,53.0
394,10520.0,1800.0,51.0,29.0,89.0,11.0,24.0,46545.0,56602.0,65.0,6471.0,17645.0,46.0
395,30500.0,1100.0,65.0,22.0,73.0,21.0,14.0,63184.0,74485.0,80.0,19452.0,20052.0,50.0
396,31350.0,1800.0,85.0,30.0,92.0,2.0,11.0,79081.0,96689.0,88.0,21633.0,23567.0,70.0
397,31424.0,1274.0,82.0,23.0,92.0,6.0,11.0,66977.0,76529.0,89.0,19133.0,24226.0,62.0
398,32070.0,1200.0,71.0,15.0,66.0,32.0,8.0,54210.0,65600.0,76.0,18442.0,17054.0,44.0
399,28480.0,1104.0,77.0,22.0,83.0,11.0,13.0,54337.0,63875.0,83.0,19553.0,19609.0,59.0
400,24800.0,1100.0,71.0,31.0,88.0,12.0,15.0,50764.0,61530.0,94.0,15531.0,21388.0,49.0
401,38680.0,1000.0,70.0,28.0,94.0,3.0,12.0,64880.0,73903.0,97.0,25157.0,23989.0,62.0
402,49810.0,1000.0,87.0,28.0,98.0,0.0,11.0,74317.0,97493.0,96.0,30274.0,28715.0,75.0
403,38300.0,1000.0,84.0,28.0,91.0,7.0,11.0,79761.0,110345.0,92.0,20749.0,31240.0,73.0
404,22460.0,1200.0,75.0,24.0,93.0,4.0,13.0,62165.0,70227.0,95.0,14186.0,20131.0,57.0
405,27276.0,1500.0,81.0,22.0,88.0,11.0,11.0,63729.0,70466.0,87.0,18724.0,26817.0,64.0
406,26700.0,1848.0,83.0,16.0,78.0,14.0,16.0,67338.0,80914.0,86.0,16118.0,22044.0,57.0
407,12600.0,1200.0,41.0,24.0,79.0,20.0,12.0,42404.0,42404.0,93.0,9105.0,13867.0,29.0
408,30508.0,900.0,66.0,16.0,70.0,29.0,18.0,56634.0,60670.0,88.0,15677.0,20462.0,47.0
409,35500.0,950.0,81.0,22.0,86.0,13.0,14.0,69134.0,81404.0,89.0,17116.0,29925.0,67.0
410,29850.0,900.0,71.0,17.0,65.0,33.0,15.0,49302.0,57340.0,85.0,14788.0,21808.0,46.0
411,33150.0,1800.0,46.0,16.0,70.0,29.0,6.0,53465.0,57261.0,96.0,16013.0,29909.0,37.0
412,43288.0,1050.0,78.0,22.0,89.0,9.0,10.0,74068.0,86800.0,91.0,25496.0,30337.0,65.0
413,45564.0,930.0,90.0,26.0,97.0,2.0,12.0,77962.0,98382.0,98.0,24758.0,33541.0,82.0
414,56030.0,1050.0,88.0,24.0,95.0,1.0,9.0,96410.0,117489.0,50.0,39059.0,31977.0,81.0
415,49750.0,970.0,83.0,22.0,97.0,2.0,11.0,99633.0,120832.0,90.0,27636.0,33519.0,74.0
416,47040.0,1000.0,82.0,27.0,96.0,1.0,10.0,71046.0,89362.0,99.0,32618.0,25880.0,74.0
417,36000.0,1134.0,83.0,20.0,75.0,23.0,14.0,70990.0,93908.0,80.0,19097.0,28244.0,71.0
418,34070.0,1500.0,74.0,20.0,73.0,25.0,12.0,66962.0,86402.0,84.0,15096.0,26891.0,57.0
419,42880.0,1500.0,78.0,22.0,91.0,4.0,12.0,71286.0,93814.0,84.0,26624.0,28205.0,71.0
420,55788.0,900.0,92.0,27.0,97.0,1.0,9.0,102805.0,126501.0,54.0,30855.0,36305.0,88.0
421,30950.0,1200.0,71.0,26.0,92.0,4.0,13.0,61797.0,79875.0,89.0,22444.0,24898.0,57.0
422,29788.0,1400.0,80.0,19.0,75.0,25.0,12.0,61465.0,77859.0,80.0,15275.0,19787.0,53.0
423,54244.0,1000.0,97.0,24.0,96.0,2.0,10.0,113705.0,166297.0,52.0,33999.0,30847.0,89.0
424,38616.0,2000.0,80.0,16.0,65.0,33.0,10.0,69157.0,86077.0,76.0,18430.0,22136.0,46.0
425,17784.0,1500.0,50.0,5.0,43.0,57.0,9.0,48204.0,59159.0,85.0,5159.0,17014.0,30.0
426,36960.0,1000.0,72.0,23.0,86.0,10.0,13.0,75396.0,89902.0,93.0,22057.0,28796.0,53.0
427,54186.0,1170.0,92.0,26.0,97.0,0.0,9.0,84045.0,106837.0,74.0,34007.0,33297.0,84.0
428,50874.0,1700.0,89.0,21.0,87.0,13.0,11.0,101557.0,155334.0,84.0,23740.0,36727.0,74.0
429,38178.0,1400.0,84.0,25.0,96.0,3.0,13.0,85386.0,111074.0,94.0,21205.0,30710.0,78.0
430,32492.0,1300.0,75.0,21.0,71.0,27.0,10.0,57251.0,71589.0,90.0,17100.0,24890.0,63.0
431,46940.0,1100.0,89.0,24.0,98.0,1.0,11.0,79679.0,95844.0,98.0,28480.0,28188.0,73.0
432,56450.0,1200.0,92.0,26.0,98.0,0.0,9.0,89853.0,115233.0,57.0,44955.0,23007.0,83.0
433,32120.0,1080.0,83.0,23.0,79.0,6.0,13.0,71289.0,97488.0,82.0,21058.0,22431.0,67.0
434,26730.0,900.0,76.0,22.0,83.0,10.0,12.0,61440.0,68552.0,97.0,14731.0,20303.0,64.0
435,54480.0,500.0,91.0,31.0,98.0,0.0,9.0,86773.0,109181.0,87.0,31075.0,35197.0,82.0
436,54100.0,1194.0,97.0,27.0,98.0,0.0,8.0,91522.0,125171.0,48.0,47100.0,25362.0,92.0
437,26500.0,2066.0,75.0,12.0,56.0,33.0,9.0,44509.0,52023.0,64.0,11702.0,31304.0,69.0
438,35668.0,1250.0,74.0,24.0,87.0,8.0,13.0,72621.0,89922.0,86.0,20391.0,26912.0,63.0
439,27714.0,1200.0,70.0,17.0,78.0,20.0,12.0,64688.0,77504.0,76.0,15860.0,21720.0,54.0
440,29810.0,1000.0,74.0,27.0,85.0,13.0,12.0,86281.0,117027.0,89.0,16783.0,24473.0,68.0
441,52415.0,1000.0,93.0,28.0,98.0,0.0,10.0,108937.0,147735.0,51.0,39418.0,26855.0,87.0
442,52480.0,1000.0,94.0,25.0,98.0,1.0,9.0,121649.0,161742.0,50.0,38422.0,26782.0,87.0
443,39360.0,1200.0,75.0,28.0,96.0,1.0,12.0,69126.0,90356.0,99.0,30921.0,19954.0,67.0
444,33160.0,1200.0,86.0,20.0,88.0,10.0,12.0,69041.0,99944.0,90.0,20329.0,24266.0,67.0
445,35400.0,1200.0,78.0,27.0,95.0,5.0,14.0,67978.0,92300.0,99.0,25128.0,23841.0,68.0
446,34320.0,1280.0,87.0,24.0,94.0,2.0,12.0,77587.0,92428.0,97.0,18420.0,27976.0,78.0
447,31530.0,1250.0,79.0,20.0,80.0,18.0,11.0,67277.0,90616.0,86.0,17073.0,24669.0,69.0
448,40052.0,2000.0,72.0,26.0,93.0,7.0,7.0,57488.0,70888.0,100.0,18229.0,34567.0,59.0
449,41905.0,1200.0,81.0,21.0,88.0,9.0,11.0,72151.0,87612.0,88.0,22925.0,30090.0,68.0
450,51860.0,1300.0,88.0,23.0,91.0,7.0,10.0,80958.0,103450.0,84.0,26958.0,36541.0,82.0
451,30000.0,1488.0,71.0,21.0,76.0,20.0,14.0,62732.0,80215.0,80.0,14738.0,24344.0,47.0
452,49220.0,1280.0,98.0,21.0,92.0,6.0,6.0,160984.0,223693.0,52.0,40420.0,26266.0,95.0
453,27343.0,1050.0,84.0,26.0,97.0,2.0,7.0,72088.0,92908.0,99.0,22977.0,33070.0,77.0
454,29980.0,1200.0,76.0,19.0,78.0,21.0,12.0,73325.0,94128.0,92.0,18166.0,21713.0,59.0
455,29060.0,1200.0,81.0,20.0,86.0,13.0,15.0,107302.0,127163.0,82.0,17333.0,25690.0,64.0
456,44132.0,1300.0,87.0,25.0,95.0,2.0,13.0,93050.0,115110.0,88.0,22674.0,36725.0,82.0
457,46690.0,900.0,80.0,26.0,95.0,2.0,12.0,72938.0,86074.0,96.0,31261.0,26868.0,71.0
458,52190.0,1336.0,97.0,27.0,98.0,1.0,8.0,118912.0,154377.0,59.0,46289.0,19446.0,94.0
459,29870.0,1000.0,58.0,32.0,96.0,2.0,11.0,58145.0,66183.0,84.0,21834.0,24031.0,48.0
460,39495.0,1600.0,81.0,16.0,70.0,29.0,12.0,73971.0,99404.0,79.0,19704.0,27846.0,64.0
461,52050.0,1000.0,89.0,26.0,97.0,1.0,10.0,80035.0,100000.0,98.0,33648.0,31351.0,79.0
462,20266.0,1138.0,73.0,17.0,79.0,16.0,10.0,52923.0,59933.0,88.0,11161.0,19833.0,52.0
463,47384.0,800.0,81.0,26.0,99.0,0.0,11.0,73153.0,87136.0,99.0,29471.0,28518.0,73.0
464,23970.0,1500.0,78.0,24.0,95.0,4.0,13.0,62802.0,76345.0,95.0,14730.0,19084.0,66.0
465,45028.0,1300.0,78.0,23.0,85.0,11.0,13.0,77864.0,102307.0,84.0,25375.0,31390.0,63.0
466,34454.0,1600.0,76.0,26.0,90.0,8.0,12.0,82250.0,111734.0,84.0,21578.0,27200.0,60.0
467,23745.0,1100.0,76.0,18.0,65.0,31.0,12.0,60602.0,74749.0,78.0,15609.0,20241.0,40.0
468,54230.0,1571.0,98.0,23.0,97.0,1.0,6.0,140553.0,185331.0,46.0,42652.0,27238.0,95.0
469,43076.0,1300.0,90.0,26.0,98.0,1.0,13.0,94885.0,120772.0,89.0,20074.0,38102.0,81.0
470,32091.0,1500.0,71.0,21.0,90.0,8.0,18.0,85886.0,107926.0,91.0,17079.0,28089.0,63.0
471,49600.0,980.0,93.0,27.0,94.0,4.0,11.0,95723.0,122855.0,70.0,27336.0,37842.0,86.0
472,49900.0,2700.0,94.0,24.0,97.0,2.0,9.0,95031.0,127009.0,39.0,26057.0,39289.0,89.0
473,30931.0,900.0,81.0,23.0,87.0,9.0,14.0,108312.0,127208.0,81.0,15808.0,37138.0,70.0
474,39550.0,1400.0,83.0,24.0,97.0,2.0,13.0,78445.0,100693.0,94.0,22245.0,33291.0,72.0
475,25140.0,2000.0,79.0,22.0,84.0,10.0,15.0,59174.0,74175.0,86.0,17232.0,21641.0,59.0
476,25500.0,1400.0,67.0,20.0,81.0,18.0,12.0,53908.0,65773.0,99.0,16189.0,17013.0,42.0
477,14000.0,2000.0,57.0,33.0,92.0,7.0,17.0,53405.0,60962.0,95.0,11707.0,20805.0,29.0
478,17248.0,1200.0,82.0,22.0,86.0,4.0,12.0,41182.0,47340.0,83.0,9993.0,13664.0,63.0
479,16152.0,1850.0,76.0,28.0,91.0,7.0,14.0,61665.0,79185.0,94.0,13125.0,19208.0,50.0
480,29328.0,1513.0,51.0,26.0,72.0,21.0,12.0,52879.0,60393.0,95.0,17459.0,18060.0,35.0
481,22840.0,600.0,86.0,20.0,83.0,17.0,15.0,42591.0,45502.0,98.0,13909.0,18136.0,64.0
482,17811.0,1203.0,70.0,14.0,55.0,44.0,11.0,54523.0,63399.0,69.0,11251.0,16702.0,53.0
483,17340.0,1350.0,70.0,23.0,90.0,8.0,12.0,56748.0,63344.0,93.0,12410.0,19058.0,56.0
484,34095.0,2000.0,54.0,29.0,99.0,1.0,12.0,43052.0,55068.0,100.0,16778.0,35268.0,61.0
485,24900.0,2304.0,52.0,15.0,52.0,45.0,13.0,48556.0,62117.0,79.0,10488.0,23881.0,35.0
486,12525.0,3000.0,50.0,30.0,90.0,10.0,15.0,47424.0,55796.0,96.0,8369.0,16702.0,31.0
487,24174.0,850.0,61.0,31.0,95.0,4.0,13.0,51639.0,54528.0,99.0,20197.0,19590.0,51.0
488,19750.0,2200.0,73.0,21.0,85.0,8.0,14.0,55895.0,61822.0,88.0,14218.0,20111.0,54.0
489,35800.0,1200.0,76.0,29.0,94.0,0.0,11.0,71238.0,74104.0,93.0,31856.0,19628.0,65.0
490,42335.0,1200.0,88.0,28.0,99.0,0.0,11.0,73799.0,86008.0,94.0,30372.0,27974.0,81.0
491,32488.0,1000.0,85.0,25.0,96.0,3.0,12.0,61972.0,74796.0,96.0,20344.0,23257.0,70.0
492,25126.0,1000.0,71.0,15.0,56.0,15.0,13.0,58781.0,60402.0,51.0,16262.0,19539.0,51.0
493,17980.0,950.0,73.0,23.0,85.0,14.0,16.0,56746.0,65324.0,88.0,17012.0,20627.0,46.0
494,32720.0,1400.0,82.0,23.0,94.0,6.0,14.0,90714.0,113609.0,73.0,13677.0,36694.0,73.0
495,9805.0,1200.0,57.0,9.0,34.0,45.0,17.0,29308.0,48376.0,79.0,8098.0,15018.0,28.0
496,26700.0,1600.0,63.0,27.0,89.0,6.0,13.0,54978.0,62643.0,98.0,19944.0,19516.0,51.0
497,31900.0,1000.0,79.0,23.0,76.0,11.0,12.0,62984.0,74841.0,83.0,26836.0,18275.0,58.0
498,21840.0,1400.0,63.0,29.0,80.0,9.0,17.0,50654.0,64708.0,97.0,11095.0,24788.0,43.0
499,14880.0,1000.0,69.0,21.0,83.0,16.0,10.0,48640.0,52212.0,88.0,7757.0,18684.0,64.0
500,28104.0,1440.0,66.0,12.0,54.0,44.0,12.0,44637.0,44231.0,74.0,13429.0,21034.0,45.0
501,9000.0,1300.0,50.0,28.0,91.0,9.0,18.0,47454.0,77219.0,94.0,8416.0,13239.0,24.0
502,10776.0,1250.0,62.0,17.0,70.0,29.0,13.0,42655.0,50918.0,85.0,9165.0,7809.0,12.0
503,17040.0,1600.0,80.0,18.0,73.0,15.0,16.0,66366.0,75894.0,75.0,9901.0,17558.0,57.0
504,34070.0,1250.0,68.0,25.0,92.0,6.0,12.0,60929.0,75786.0,100.0,29379.0,19565.0,55.0
505,42706.0,1200.0,89.0,28.0,99.0,0.0,10.0,85795.0,108622.0,87.0,23601.0,34564.0,84.0
506,21100.0,1100.0,76.0,19.0,86.0,11.0,13.0,43040.0,44728.0,89.0,10502.0,23377.0,41.0
507,24860.0,2040.0,54.0,20.0,69.0,26.0,16.0,45030.0,55993.0,97.0,15266.0,17492.0,31.0
508,48600.0,1294.0,97.0,23.0,98.0,0.0,7.0,126890.0,193619.0,67.0,41444.0,23596.0,94.0
509,34800.0,1250.0,77.0,26.0,97.0,2.0,15.0,70211.0,90043.0,97.0,18914.0,27584.0,67.0
510,41194.0,1200.0,89.0,24.0,97.0,2.0,14.0,89715.0,127213.0,91.0,22356.0,35158.0,79.0
511,37652.0,1000.0,79.0,26.0,97.0,2.0,11.0,71957.0,93007.0,98.0,25530.0,25609.0,66.0
512,25290.0,800.0,63.0,27.0,86.0,7.0,15.0,62269.0,68191.0,88.0,15116.0,21850.0,35.0
513,27290.0,800.0,68.0,27.0,90.0,8.0,12.0,65817.0,71780.0,94.0,15791.0,21306.0,48.0
514,30480.0,1000.0,69.0,22.0,84.0,15.0,12.0,65037.0,79391.0,91.0,20089.0,21479.0,40.0
515,29000.0,1400.0,74.0,15.0,61.0,37.0,11.0,74424.0,86876.0,90.0,12902.0,24098.0,49.0
516,22240.0,1250.0,69.0,20.0,81.0,16.0,13.0,57386.0,64978.0,87.0,11265.0,23407.0,47.0
517,24640.0,1300.0,73.0,26.0,86.0,13.0,18.0,71156.0,84708.0,90.0,12816.0,25230.0,45.0
518,27154.0,1200.0,62.0,19.0,76.0,23.0,11.0,59433.0,71281.0,90.0,15933.0,22516.0,33.0
519,27912.0,1200.0,68.0,26.0,76.0,22.0,11.0,64802.0,79103.0,92.0,17862.0,18021.0,37.0
520,46600.0,1200.0,97.0,24.0,98.0,0.0,6.0,143865.0,195897.0,63.0,35406.0,23202.0,95.0
521,44678.0,900.0,79.0,21.0,90.0,10.0,15.0,77956.0,100871.0,87.0,26218.0,26927.0,63.0
522,33000.0,1094.0,82.0,18.0,71.0,25.0,11.0,68978.0,89062.0,77.0,19767.0,20294.0,57.0
523,25990.0,100.0,61.0,27.0,78.0,16.0,13.0,56958.0,78781.0,94.0,15323.0,20847.0,45.0
524,29710.0,1300.0,75.0,27.0,90.0,8.0,11.0,94081.0,128388.0,92.0,22123.0,18113.0,56.0
525,48364.0,800.0,91.0,24.0,96.0,3.0,11.0,115457.0,170934.0,70.0,31071.0,38562.0,78.0
526,42000.0,1300.0,81.0,31.0,96.0,3.0,12.0,74462.0,90959.0,96.0,24919.0,27762.0,74.0
527,46860.0,970.0,92.0,23.0,94.0,5.0,13.0,106055.0,147678.0,69.0,24704.0,37344.0,83.0
528,29650.0,1000.0,71.0,26.0,94.0,4.0,14.0,65314.0,75154.0,97.0,20836.0,19507.0,53.0
529,26328.0,1800.0,51.0,20.0,78.0,21.0,15.0,68143.0,79462.0,91.0,16991.0,22694.0,38.0
530,42360.0,1000.0,91.0,28.0,98.0,1.0,9.0,96427.0,121380.0,94.0,26598.0,29335.0,76.0
531,18780.0,1000.0,49.0,8.0,32.0,62.0,8.0,48205.0,50925.0,50.0,6096.0,21593.0,24.0
532,9902.0,1400.0,39.0,12.0,64.0,35.0,14.0,48158.0,70800.0,82.0,9679.0,11001.0,26.0
533,5620.0,824.0,88.0,18.0,88.0,12.0,20.0,98748.0,122754.0,73.0,6997.0,13120.0,86.0
534,5560.0,1300.0,63.0,17.0,76.0,22.0,17.0,84951.0,101311.0,76.0,6730.0,12871.0,47.0
535,33480.0,1000.0,82.0,22.0,85.0,14.0,8.0,76370.0,88971.0,93.0,19022.0,24371.0,61.0
536,39870.0,1200.0,61.0,27.0,84.0,16.0,4.0,45697.0,47231.0,91.0,31173.0,20160.0,63.0
537,54032.0,1000.0,96.0,24.0,99.0,0.0,8.0,102312.0,128309.0,44.0,45099.0,23136.0,91.0
538,34400.0,1000.0,63.0,30.0,92.0,6.0,12.0,54703.0,61848.0,97.0,21876.0,23978.0,42.0
539,34300.0,1150.0,68.0,32.0,99.0,1.0,14.0,60032.0,75653.0,99.0,26571.0,20395.0,64.0
540,34500.0,1000.0,74.0,27.0,97.0,2.0,10.0,61527.0,72550.0,97.0,27357.0,18361.0,60.0
541,36760.0,1000.0,70.0,19.0,75.0,24.0,9.0,53704.0,63951.0,81.0,19982.0,25330.0,60.0
542,43446.0,1000.0,81.0,32.0,100.0,0.0,11.0,72785.0,91145.0,99.0,26983.0,33725.0,66.0
543,15837.0,1486.0,82.0,8.0,45.0,54.0,18.0,57854.0,87638.0,83.0,7509.0,27432.0,55.0
544,30690.0,900.0,75.0,28.0,55.0,30.0,10.0,61646.0,69030.0,81.0,17067.0,16556.0,47.0
545,30990.0,1000.0,72.0,18.0,79.0,19.0,13.0,77147.0,96598.0,76.0,15787.0,26448.0,57.0
546,40000.0,1200.0,86.0,28.0,97.0,1.0,11.0,75081.0,91347.0,99.0,26787.0,27275.0,66.0
547,42446.0,1000.0,78.0,29.0,96.0,2.0,11.0,69484.0,86794.0,98.0,26384.0,28155.0,67.0
548,31280.0,1500.0,83.0,22.0,87.0,12.0,11.0,70869.0,84054.0,95.0,14831.0,29729.0,58.0
549,21000.0,1250.0,73.0,33.0,94.0,4.0,7.0,59890.0,77818.0,85.0,29948.0,26045.0,46.0
550,36010.0,1500.0,62.0,26.0,84.0,12.0,12.0,74614.0,80702.0,92.0,22096.0,25357.0,52.0
551,51420.0,1800.0,96.0,26.0,99.0,0.0,8.0,113113.0,143105.0,59.0,40813.0,21918.0,95.0
552,42370.0,1104.0,94.0,23.0,97.0,2.0,11.0,86994.0,122324.0,97.0,21160.0,35612.0,86.0
553,17824.0,840.0,64.0,12.0,70.0,29.0,7.0,67269.0,85617.0,100.0,15140.0,9370.0,29.0
554,49510.0,1000.0,81.0,28.0,97.0,1.0,11.0,94655.0,110944.0,99.0,22966.0,39990.0,76.0
555,42480.0,840.0,80.0,25.0,93.0,6.0,13.0,76842.0,90865.0,94.0,24264.0,29546.0,68.0
556,43785.0,1200.0,85.0,23.0,91.0,7.0,11.0,86603.0,129195.0,88.0,23558.0,35577.0,74.0
557,27120.0,840.0,84.0,25.0,91.0,6.0,15.0,48461.0,54010.0,89.0,12501.0,22715.0,57.0
558,51370.0,1400.0,90.0,29.0,96.0,1.0,9.0,85377.0,118832.0,76.0,25301.0,38109.0,87.0
559,42540.0,840.0,82.0,29.0,95.0,3.0,11.0,65339.0,84920.0,97.0,26370.0,28508.0,79.0
560,27700.0,1200.0,51.0,31.0,90.0,7.0,14.0,45068.0,48008.0,98.0,18015.0,19742.0,34.0
561,20397.0,1800.0,67.0,15.0,55.0,44.0,15.0,58077.0,61801.0,72.0,18580.0,13643.0,46.0
562,28800.0,1274.0,68.0,25.0,83.0,12.0,11.0,50990.0,57508.0,90.0,21761.0,18152.0,40.0
563,30462.0,2500.0,70.0,27.0,97.0,2.0,13.0,53547.0,66781.0,98.0,24756.0,19182.0,49.0
564,27552.0,625.0,68.0,15.0,71.0,28.0,10.0,52042.0,58870.0,93.0,14391.0,18284.0,39.0
565,29998.0,700.0,72.0,9.0,55.0,29.0,8.0,54452.0,67880.0,68.0,16432.0,17471.0,51.0
566,31162.0,1088.0,81.0,25.0,92.0,6.0,14.0,68510.0,91865.0,95.0,17912.0,23217.0,62.0
567,47175.0,900.0,85.0,27.0,97.0,2.0,8.0,73284.0,92074.0,97.0,28364.0,27436.0,80.0
568,26950.0,800.0,65.0,22.0,71.0,20.0,11.0,59510.0,78029.0,90.0,14785.0,21007.0,53.0
569,41290.0,912.0,87.0,26.0,97.0,2.0,14.0,90157.0,119134.0,95.0,19330.0,33081.0,85.0
570,35950.0,776.0,80.0,31.0,95.0,5.0,11.0,50501.0,61319.0,100.0,20674.0,24569.0,50.0
571,39039.0,1000.0,87.0,23.0,89.0,10.0,15.0,86522.0,94799.0,93.0,24301.0,24337.0,74.0
572,37314.0,950.0,83.0,29.0,98.0,1.0,14.0,67696.0,93663.0,95.0,20595.0,27002.0,71.0
573,27280.0,1000.0,77.0,17.0,78.0,21.0,11.0,59934.0,69566.0,86.0,13951.0,20721.0,62.0
574,29410.0,800.0,79.0,27.0,86.0,10.0,12.0,57442.0,64668.0,92.0,17850.0,21773.0,63.0
575,15984.0,690.0,48.0,10.0,31.0,68.0,11.0,51724.0,78087.0,65.0,5770.0,18664.0,43.0
576,39016.0,1000.0,73.0,22.0,87.0,12.0,11.0,46172.0,53805.0,90.0,13309.0,37337.0,55.0
577,22500.0,2000.0,70.0,15.0,85.0,13.0,7.0,52277.0,61121.0,92.0,9629.0,29475.0,28.0
578,31310.0,1854.0,92.0,26.0,98.0,0.0,8.0,106636.0,147171.0,100.0,34570.0,14739.0,90.0
579,32091.0,1500.0,70.0,22.0,92.0,6.0,20.0,80883.0,102224.0,98.0,20042.0,23724.0,48.0
580,7800.0,1000.0,89.0,18.0,67.0,33.0,4.0,23891.0,23891.0,82.0,4836.0,16470.0,20.0
581,9360.0,1080.0,48.0,1.0,17.0,82.0,18.0,60514.0,74052.0,39.0,3981.0,18922.0,18.0
582,21420.0,1500.0,50.0,1.0,32.0,68.0,16.0,89303.0,110625.0,96.0,4058.0,12432.0,33.0
583,32091.0,1500.0,64.0,30.0,85.0,13.0,13.0,77314.0,102844.0,95.0,17958.0,25941.0,60.0
584,50400.0,300.0,100.0,22.0,100.0,0.0,7.0,111745.0,140020.0,91.0,34486.0,32684.0,93.0
585,6360.0,912.0,45.0,3.0,13.0,87.0,20.0,42654.0,56732.0,83.0,2982.0,8961.0,17.0
586,5520.0,600.0,73.0,6.0,43.0,56.0,10.0,40333.0,46795.0,90.0,5232.0,10039.0,31.0
587,32091.0,1500.0,67.0,29.0,91.0,6.0,19.0,84086.0,101949.0,99.0,19650.0,25964.0,48.0
588,18890.0,600.0,85.0,0.0,12.0,88.0,20.0,69052.0,85132.0,77.0,2647.0,19838.0,50.0
589,18900.0,600.0,67.0,0.0,43.0,56.0,10.0,62829.0,82476.0,51.0,4331.0,28710.0,67.0
590,29520.0,1000.0,77.0,20.0,96.0,4.0,15.0,45148.0,59591.0,100.0,19200.0,20678.0,33.0
591,34060.0,1388.0,92.0,1.0,47.0,53.0,13.0,71207.0,82730.0,53.0,5452.0,40721.0,36.0
592,34060.0,1388.0,58.0,1.0,51.0,48.0,22.0,72646.0,80560.0,57.0,7015.0,33931.0,60.0
593,18900.0,600.0,33.0,1.0,53.0,47.0,8.0,58694.0,75431.0,49.0,3613.0,20265.0,29.0
594,14884.0,360.0,67.0,4.0,16.0,84.0,35.0,78262.0,78262.0,76.0,5429.0,27032.0,32.0
595,14540.0,360.0,88.0,2.0,22.0,77.0,12.0,60319.0,61527.0,84.0,4720.0,31417.0,16.0
596,14783.0,360.0,67.0,1.0,19.0,80.0,17.0,71425.0,71415.0,79.0,4702.0,26116.0,30.0
597,14838.0,360.0,40.0,1.0,13.0,87.0,22.0,71893.0,71893.0,82.0,4859.0,23698.0,21.0
598,14530.0,360.0,56.0,1.0,17.0,77.0,28.0,74212.0,79513.0,87.0,5578.0,26800.0,15.0
599,14498.0,360.0,47.0,3.0,19.0,80.0,20.0,72680.0,74107.0,85.0,4838.0,27689.0,27.0
600,14398.0,360.0,50.0,2.0,24.0,76.0,7.0,73516.0,73516.0,87.0,4410.0,34136.0,31.0
601,14594.0,360.0,100.0,2.0,36.0,64.0,15.0,87373.0,87373.0,79.0,6336.0,21634.0,46.0
602,14596.0,360.0,57.0,3.0,24.0,75.0,18.0,71536.0,72531.0,83.0,4929.0,22825.0,30.0
603,14656.0,360.0,100.0,1.0,19.0,81.0,25.0,65231.0,65231.0,79.0,4221.0,32486.0,20.0
604,14686.0,360.0,33.0,1.0,9.0,91.0,11.0,68331.0,73167.0,80.0,4224.0,30179.0,17.0
605,14717.0,360.0,100.0,1.0,16.0,84.0,16.0,70244.0,73217.0,70.0,3723.0,33432.0,44.0
606,32500.0,1300.0,71.0,21.0,85.0,13.0,9.0,57277.0,64977.0,91.0,22070.0,20362.0,70.0
607,5280.0,500.0,71.0,15.0,66.0,34.0,6.0,4080.0,4080.0,71.0,3892.0,9803.0,50.0
608,6048.0,1200.0,76.0,5.0,30.0,69.0,12.0,52161.0,70227.0,81.0,5797.0,14847.0,22.0
